Number,Proposed title,Proposed outline,Exact title published,Outline/publication status,Matching draft found,Existing published URLs,Existing coverage,Remaining outline gap,Suggested next action
1,How to Pass the ICBC Road Test in Victoria BC Without Guessing the Route,"Explain what ICBC actually evaluates; localize for Victoria conditions like school/playground zones, cyclists, hills, and McKenzie-area traffic; cover the most common fail reasons; end with a checklist and call to book a mock test.",No,Published related article; near-complete outline,No matching draft found in the inspected workspace,https://www.shanayasdrivingschool.com/blog/icbc-road-test-victoria-mckenzie-office/ | https://www.shanayasdrivingschool.com/blog/icbc-road-test-tips-victoria/ | https://www.shanayasdrivingschool.com/blog/pass-road-test/,"Covers assessed skills, failure reasons, McKenzie traffic, zones, cyclists, hills and avoiding route claims.",The closest McKenzie article links out to a separate test-day checklist and offers general preparation links; it does not finish with the requested consolidated checklist and explicit mock-test booking call to action.,Expand the existing McKenzie article if this exact brief is desired; avoid another general road-test guide.
2,Driving Lesson Costs in Victoria BC in 2026,"Compare single-lesson, package, and road-test-bundle pricing; explain what is and is not included; show when paying more is justified; add a “questions to ask before you book” section for conversions.",No,Dedicated article missing; related pricing pages published,No matching draft found in the inspected workspace,https://www.shanayasdrivingschool.com/pricing/ | https://www.shanayasdrivingschool.com/packages/ | https://www.shanayasdrivingschool.com/faq/,"Pricing pages and FAQs provide rates, duration, inclusions, package links, extras and some purchasing guidance.","No single 2026 editorial article compares single lessons, packages and road-test bundles, explains when higher cost is justified, and gathers the pre-booking questions.",Write the proposed comparison article using the current catalogue and link to pricing.
3,How Many Driving Lessons Do You Really Need Before Your Victoria Road Test?,"Segment by teen beginner, adult beginner, nervous driver, newcomer, and N-to-Class-5 candidate; contrast professional lessons with supervised practice; discuss 60-hour ICBC practice guidance and when mock tests help.",No,Dedicated article missing; related FAQ and guide published,No matching draft found in the inspected workspace,https://www.shanayasdrivingschool.com/faq/ | https://www.shanayasdrivingschool.com/driver-education-training/ | https://www.shanayasdrivingschool.com/blog/how-to-pass-driving-test-victoria-bc/,"Existing content discusses total practice, optional paid instruction, supervised practice and private assessments.","No dedicated article works through all five requested learner profiles: teen beginner, adult beginner, nervous driver, newcomer and N-to-Class-5 candidate.","Write the segmented planning article, keeping any licensing advice current."
4,How to Choose a Legit Driving School in Victoria,"Walk readers through ICBC school/instructor verification, what a licensed instructor means, how to read reviews skeptically, how complaints work, and which red flags to watch for around pricing, policies, and booking promises.",No,Dedicated article missing; substantial coverage across other pages,No matching draft found in the inspected workspace,https://www.shanayasdrivingschool.com/icbc-approved-driving-school/ | https://www.shanayasdrivingschool.com/faq/ | https://www.shanayasdrivingschool.com/driving-instructor-victoria/,"The licensing page and FAQs collectively address school/instructor checks, course approval, complaints, reviews and booking or pricing red flags.",The proposed reader-focused school-selection article is absent; its components are distributed across a school-specific verification page and FAQ answers.,Consolidate into the proposed guide if a standalone article is wanted; retain useful FAQ summaries.
5,For Adult Learners in Victoria,"Speak directly to late starters and anxious drivers; normalize learning later in life; cover first-lesson expectations, home pickup, pace-setting, and how to practise if you do not have family here.",No,Dedicated article missing; related service page published,No matching draft found in the inspected workspace,https://www.shanayasdrivingschool.com/nervous-driver-lessons-victoria/ | https://www.shanayasdrivingschool.com/faq/ | https://www.shanayasdrivingschool.com/courses/confidence-booster-course/,"Service copy covers nervous and returning learners, gentle progression and pacing; FAQs also discuss late starters and pickup.","No adult-learner article integrates learning later in life, first-lesson expectations, home pickup and a practical plan for learners without family available to supervise.",Write the adult-learner guide and link to relevant lessons.
6,For Parents of Teen Drivers in Victoria,"Map the smartest timing from L to N; explain why early lessons beat cramming in the last month; show what parents should handle versus what instructors should handle; include GLP course, credit, and six-month N-reduction considerations.",No,Dedicated article missing; related FAQ and GLP guides published,No matching draft found in the inspected workspace,https://www.shanayasdrivingschool.com/faq/ | https://www.shanayasdrivingschool.com/bc-graduated-licensing-program/ | https://www.shanayasdrivingschool.com/driver-education-training/,"Parent FAQs and licensing guides cover consent, supervision, practice, parent/instructor roles and approved-course distinctions.","No dedicated parent article combines an L-to-N plan, early lessons versus last-minute preparation, coaching responsibilities and course-credit considerations.","Write the parent planning guide, linking to maintained licensing explanations."
7,ICBC Road-Test Vehicle Checklist for Victoria,"Turn the official vehicle standards into a practical local checklist; explain when renting a school car is smarter than using your own; add “same-day fail traps” such as cleanliness, insurance, interior condition, or safety defects.",No,Published related checklist; partial outline,No matching draft found in the inspected workspace,https://www.shanayasdrivingschool.com/blog/pass-road-test/ | https://www.shanayasdrivingschool.com/road-test-vehicle/ | https://www.shanayasdrivingschool.com/faq/,"The published test-day checklist includes insurance, documents, vehicle condition, defects, cleanliness and pre-test rejection; rental pages discuss using a school car.",No standalone vehicle-only checklist combines the practical checks and own-car-versus-rental decision in one article.,Expand or extract the vehicle section into the focused proposed guide; cross-link with the existing test-day checklist.
8,Moved to Victoria From Abroad,"Explain the 90-day rule, reciprocal versus non-reciprocal paths, documents to prepare, why local lessons matter even for experienced drivers, and how to transition from knowledge test to Victoria road-test readiness.",No,Published related newcomer article; partial outline,No matching draft found in the inspected workspace,https://www.shanayasdrivingschool.com/blog/newcomers-guide-bc/ | https://www.shanayasdrivingschool.com/newcomers-guide/ | https://www.shanayasdrivingschool.com/courses/new-to-canada/,"The newcomer blog and licensing guide cover deadline exceptions, exchange versus testing paths, documents and experience.",The blog focuses on B.C. deadlines and road rules. It does not fully develop a Victoria-specific knowledge-test-to-road-test preparation plan or explain local lessons for experienced newcomers in the requested depth.,Expand the existing newcomer article to fulfil the local preparation brief.
9,What BC’s October 19 2026 GLP Changes Mean for Victoria Learners,"Give a plain-English update on the end of the second Class 5 road test, who qualifies, what safe-driving record standards matter, what happens if a test is already booked, and what current N drivers should do before and after the switch.",No,Published equivalent article; substantially complete outline,No matching draft found in the inspected workspace,https://www.shanayasdrivingschool.com/blog/bc-glp-changes-2026/,"The article covers the replacement of the second test, eligibility, driving-record criteria, booked-test arrangements, transition details and practical next steps.",Different headline; no material outline gap identified for this inventory. This audit does not revalidate the policy claims.,Retain and maintain the existing article rather than create a duplicate.
