Rank,Hot topic,Hotness score,FAQ mentions,Victoria-area forum/community threads found,Dedicated local pages/posts found,Evidence IDs,,FAQ intent,Occurrences across sources,Sources where it appeared,,ID,Source
1,"Victoria road-test prep, fail points, and McKenzie-area tips",94,34,4,7,"O3, S1, S2, S9, F1, F7",,"How much do driving lessons cost in Victoria, and what is included?",10,"S1, S2, S3, S4, S5, S7, S8, F3, F5, F6",,O1,ICBC driver training and choosing-a-school pages.
2,"Lesson pricing, packages, and “how many lessons do I need?”",79,17,5,7,"S1, S3, S4, S5, S7, S8, F3, F5, F6",,How many lessons or practice hours do I need before the Class 7 or Class 5 test?,8,"O2, S1, S2, S3, S8, S9, F2, F3",,O2,"ICBC GLP, Get your L, Class 7L restrictions, and Get your N pages."
3,"Choosing a reputable school, real reviews, and complaint checks",74,15,5,6,"O1, O5, S7, S8, F2, F3, F4",,"How do I book a lesson, and do schools offer pickup/drop-off around Victoria?",5,"S1, S4, S5, S6, F6",,O3,ICBC book/prepare road test pages.
4,"Adult learners, anxious drivers, and late starters",66,14,5,4,"O1, S1, S2, S3, F3, F6",,Can I use or rent a driving school car for my road test?,9,"O3, S1, S2, S3, S4, S5, S6, S8, F1",,O4,ICBC moving from outside Canada.
5,"Teen drivers, GLP planning, and parent co-pilots",64,15,4,5,"O1, O2, S2, S3, F2, F6",,"How do I book, reschedule, or cancel an ICBC road test?",9,"O3, S1, S2, S3, S4, S5, S6, F1, F7",,O5,ICBC complaints pages plus BC regulations on instructor/school licences.
6,Vehicle requirements and road-test car rental options,54,13,2,7,"O3, S1, S2, S3, S4, S5, S6",,"How long are Victoria road-test waits, and can I get an earlier slot or standby test?",4,"O3, S1, F1, F7",,O6,Official 2026 BC GLP/Class 5 change pages from ICBC and the Province.
7,"Road-test booking strategy, cancellations, and getting earlier slots",50,12,3,4,"O3, S1, S2, F1, F7",,What vehicle standards must my road-test car meet?,5,"O3, S1, S3, S8, F1",,S1,"Sky Driving School FAQ, pricing, road-test, vehicle, and knowledge-test pages."
8,Newcomers and foreign-licence exchange in Victoria,41,10,2,4,"O4, S1, S2, S3, F7",,"Can I drive alone with my L, and who can supervise me?",6,"O2, S4, S5, S6, S8, F2",,S2,"DriveWise FAQ, package, location, and road-test pages."
9,"BC’s October 19, 2026 GLP/Class 5 changes",37,8,1,5,"O6, S1, S2",,"What are the restrictions for N drivers, and how long does the GLP path take?",7,"O2, O6, S1, S2, S3, S8, F2",,S3,Joan Wallace FAQ and new-driver pages.
10,"Class 4 Restricted, Uber/Lyft, and commercial-entry paths",31,7,1,4,"O6, S1, S2, S6",,Can an approved GLP course shorten the path to full Class 5?,7,"O1, O2, O6, S1, S2, S3, S8",,S4,Exact Driving School FAQ and policies.
,,,,,,,,"What is changing in BC’s GLP/Class 5 process on October 19, 2026?",5,"O6, S1, S2, F2, F3",,S5,Wise & Smart FAQ and pricing pages.
FAQ intent,Occurrences across sources,Sources where it appeared,,,,,,"Are instructors licensed/certified, and how do I verify them or file a complaint?",7,"O1, O5, S1, S2, S4, S8, F4",,S6,Vic City FAQ and testimonial pages.
"How much do driving lessons cost in Victoria, and what is included?",10,"S1, S2, S3, S4, S5, S7, S8, F3, F5, F6",,,,,,How do I choose a reputable school and interpret reviews/complaints?,7,"O1, O5, S7, S8, F2, F3, F4",,S7,Addagio Victoria directory with public review counts.
How many lessons or practice hours do I need before the Class 7 or Class 5 test?,8,"O2, S1, S2, S3, S8, S9, F2, F3",,,,,,Do schools offer female instructors and/or multilingual instruction?,3,"S1, S5, F6",,S8,Trubicars Victoria driving-school guide and cost summary.
"How do I book a lesson, and do schools offer pickup/drop-off around Victoria?",5,"S1, S4, S5, S6, F6",,,,,,"Can adult learners, anxious drivers, or seniors get tailored lessons?",8,"O1, S1, S2, S3, S4, F2, F3, F6",,S9,Ez2Drive Victoria road-test-mistakes article.
Can I use or rent a driving school car for my road test?,9,"O3, S1, S2, S3, S4, S5, S6, S8, F1",,,,,,"What should parents of teen drivers know about lessons, GLP, and co-driving?",8,"O1, O2, S2, S3, S8, F2, F6, O6",,F1,Reddit thread on McKenzie/Victoria road-test tips.
"How do I book, reschedule, or cancel an ICBC road test?",9,"O3, S1, S2, S3, S4, S5, S6, F1, F7",,,,,,Can newcomers or foreign licence holders exchange to BC or prepare locally for a road test?,6,"O4, S1, S2, S3, F6, F7",,F2,Reddit teen/parent recommendation threads.
"How long are Victoria road-test waits, and can I get an earlier slot or standby test?",4,"O3, S1, F1, F7",,,,,,What are the most common reasons people fail the Victoria road test?,8,"O3, S1, S2, S8, S9, F1, F7, F2",,F3,Reddit adult-learner recommendation/pricing threads.
What vehicle standards must my road-test car meet?,5,"O3, S1, S3, S8, F1",,,,,,Is a mock road test or pre-test lesson worth it?,7,"S1, S2, S3, S8, S9, F1, F7",,F4,Reddit thread questioning five-star review patterns.
"Can I drive alone with my L, and who can supervise me?",6,"O2, S4, S5, S6, S8, F2",,,,,,How long do I have to wait to retake a failed road or knowledge test?,5,"O2, S1, S5, S9, F7",,F5,Reddit cheaper-lessons/pricing thread.
"What are the restrictions for N drivers, and how long does the GLP path take?",7,"O2, O6, S1, S2, S3, S8, F2",,,,,,What skills are covered in lessons and road-test evaluations?,7,"S1, S2, S3, S4, S5, S6, S9",,F6,Facebook local recommendation/affordability posts in Esquimalt/Oak Bay-area groups.
Can an approved GLP course shorten the path to full Class 5?,7,"O1, O2, O6, S1, S2, S3, S8",,,,,,Do schools offer Class 4 Restricted or Uber/Lyft preparation?,5,"O6, S1, S2, S6, S8",,F7,Reddit foreign-licence transfer road-test tips thread.
"What is changing in BC’s GLP/Class 5 process on October 19, 2026?",5,"O6, S1, S2, F2, F3",,,,,,Can I take the knowledge test online or practice it in different languages?,5,"O2, S1, S5, S8, F2",,,
"Are instructors licensed/certified, and how do I verify them or file a complaint?",7,"O1, O5, S1, S2, S4, S8, F4",,,,,,,,,,,
How do I choose a reputable school and interpret reviews/complaints?,7,"O1, O5, S7, S8, F2, F3, F4",,,,,,,,,,,
Do schools offer female instructors and/or multilingual instruction?,3,"S1, S5, F6",,,,,,,,,,,
"Can adult learners, anxious drivers, or seniors get tailored lessons?",8,"O1, S1, S2, S3, S4, F2, F3, F6",,,,,,,,,,,
"What should parents of teen drivers know about lessons, GLP, and co-driving?",8,"O1, O2, S2, S3, S8, F2, F6, O6",,,,,,,,,,,
Can newcomers or foreign licence holders exchange to BC or prepare locally for a road test?,6,"O4, S1, S2, S3, F6, F7",,,,,,,,,,,
What are the most common reasons people fail the Victoria road test?,8,"O3, S1, S2, S8, S9, F1, F7, F2",,,,,,,,,,,
Is a mock road test or pre-test lesson worth it?,7,"S1, S2, S3, S8, S9, F1, F7",,,,,,,,,,,
How long do I have to wait to retake a failed road or knowledge test?,5,"O2, S1, S5, S9, F7",,,,,,,,,,,
What skills are covered in lessons and road-test evaluations?,7,"S1, S2, S3, S4, S5, S6, S9",,,,,,,,,,,
Do schools offer Class 4 Restricted or Uber/Lyft preparation?,5,"O6, S1, S2, S6, S8",,,,,,,,,,,
Can I take the knowledge test online or practice it in different languages?,5,"O2, S1, S5, S8, F2",,,,,,,,,,,